Date,Time,Temperature,Dew Point,Humidity,Wind Direction,Wind Speed,Wind Gust,Pressure,Precipitation,Condition
2022-5-10-12:53 AM,12:53 AM,71 °F,61 °F,70 °%,S,14 °mph,0 °mph,29.36 °in,0.0 °in,Fair
2022-5-10-1:53 AM,1:53 AM,70 °F,61 °F,73 °%,S,15 °mph,21 °mph,29.37 °in,0.0 °in,Fair
2022-5-10-2:53 AM,2:53 AM,69 °F,61 °F,75 °%,S,9 °mph,0 °mph,29.39 °in,0.0 °in,Fair
2022-5-10-3:53 AM,3:53 AM,69 °F,62 °F,78 °%,S,3 °mph,0 °mph,29.42 °in,0.0 °in,Cloudy
2022-5-10-4:53 AM,4:53 AM,68 °F,62 °F,81 °%,SE,5 °mph,0 °mph,29.45 °in,0.0 °in,Cloudy
2022-5-10-5:53 AM,5:53 AM,68 °F,62 °F,81 °%,SSE,7 °mph,0 °mph,29.45 °in,0.0 °in,Cloudy
2022-5-10-6:53 AM,6:53 AM,68 °F,62 °F,81 °%,SSE,8 °mph,0 °mph,29.46 °in,0.0 °in,Cloudy
2022-5-10-7:53 AM,7:53 AM,69 °F,63 °F,81 °%,S,9 °mph,0 °mph,29.47 °in,0.0 °in,Cloudy
2022-5-10-8:53 AM,8:53 AM,71 °F,64 °F,78 °%,S,9 °mph,0 °mph,29.48 °in,0.0 °in,Cloudy
2022-5-10-9:53 AM,9:53 AM,73 °F,65 °F,76 °%,S,12 °mph,0 °mph,29.49 °in,0.0 °in,Cloudy
2022-5-10-10:53 AM,10:53 AM,76 °F,67 °F,74 °%,S,14 °mph,21 °mph,29.49 °in,0.0 °in,Mostly Cloudy
2022-5-10-11:53 AM,11:53 AM,80 °F,69 °F,69 °%,S,13 °mph,0 °mph,29.49 °in,0.0 °in,Fair
2022-5-10-12:53 PM,12:53 PM,82 °F,70 °F,67 °%,S,13 °mph,0 °mph,29.48 °in,0.0 °in,Fair
2022-5-10-1:53 PM,1:53 PM,83 °F,70 °F,65 °%,SSW,10 °mph,0 °mph,29.47 °in,0.0 °in,Mostly Cloudy
2022-5-10-2:53 PM,2:53 PM,85 °F,71 °F,63 °%,SSW,13 °mph,0 °mph,29.46 °in,0.0 °in,Partly Cloudy
2022-5-10-3:53 PM,3:53 PM,87 °F,72 °F,61 °%,SSW,10 °mph,0 °mph,29.44 °in,0.0 °in,Mostly Cloudy
2022-5-10-4:53 PM,4:53 PM,87 °F,71 °F,59 °%,S,14 °mph,22 °mph,29.43 °in,0.0 °in,Fair
2022-5-10-5:53 PM,5:53 PM,86 °F,70 °F,59 °%,S,13 °mph,0 °mph,29.43 °in,0.0 °in,Mostly Cloudy
2022-5-10-6:53 PM,6:53 PM,86 °F,70 °F,59 °%,S,15 °mph,0 °mph,29.43 °in,0.0 °in,Mostly Cloudy
2022-5-10-7:53 PM,7:53 PM,84 °F,70 °F,63 °%,S,12 °mph,0 °mph,29.43 °in,0.0 °in,Fair
2022-5-10-8:53 PM,8:53 PM,80 °F,70 °F,71 °%,S,6 °mph,0 °mph,29.44 °in,0.0 °in,Fair
2022-5-10-9:53 PM,9:53 PM,76 °F,69 °F,79 °%,S,3 °mph,0 °mph,29.46 °in,0.0 °in,Fair
2022-5-10-10:53 PM,10:53 PM,76 °F,69 °F,79 °%,S,5 °mph,0 °mph,29.47 °in,0.0 °in,Fair
2022-5-10-11:53 PM,11:53 PM,73 °F,68 °F,84 °%,SSE,3 °mph,0 °mph,29.47 °in,0.0 °in,Fair
2022-5-11-12:53 AM,12:53 AM,72 °F,69 °F,91 °%,CALM,0 °mph,0 °mph,29.48 °in,0.0 °in,Mostly Cloudy
2022-5-11-1:53 AM,1:53 AM,73 °F,69 °F,87 °%,ESE,3 °mph,0 °mph,29.48 °in,0.0 °in,Cloudy
2022-5-11-2:53 AM,2:53 AM,73 °F,69 °F,87 °%,SE,6 °mph,0 °mph,29.47 °in,0.0 °in,Cloudy
2022-5-11-3:53 AM,3:53 AM,74 °F,70 °F,87 °%,SSE,5 °mph,0 °mph,29.48 °in,0.0 °in,Cloudy
2022-5-11-4:53 AM,4:53 AM,73 °F,69 °F,87 °%,SE,3 °mph,0 °mph,29.50 °in,0.0 °in,Cloudy
2022-5-11-5:53 AM,5:53 AM,74 °F,69 °F,85 °%,SE,7 °mph,0 °mph,29.50 °in,0.0 °in,Cloudy
2022-5-11-6:53 AM,6:53 AM,73 °F,69 °F,87 °%,SSE,7 °mph,0 °mph,29.52 °in,0.0 °in,Mostly Cloudy
2022-5-11-7:53 AM,7:53 AM,73 °F,69 °F,87 °%,SSE,5 °mph,0 °mph,29.54 °in,0.0 °in,Fair
2022-5-11-8:53 AM,8:53 AM,75 °F,70 °F,84 °%,SSE,6 °mph,0 °mph,29.55 °in,0.0 °in,Partly Cloudy
2022-5-11-9:53 AM,9:53 AM,79 °F,71 °F,77 °%,SSW,5 °mph,0 °mph,29.55 °in,0.0 °in,Partly Cloudy
2022-5-11-10:53 AM,10:53 AM,81 °F,72 °F,74 °%,S,6 °mph,0 °mph,29.53 °in,0.0 °in,Fair
2022-5-11-11:53 AM,11:53 AM,84 °F,73 °F,69 °%,SW,7 °mph,0 °mph,29.53 °in,0.0 °in,Fair
2022-5-11-12:53 PM,12:53 PM,86 °F,73 °F,65 °%,VAR,3 °mph,0 °mph,29.52 °in,0.0 °in,Fair
2022-5-11-1:53 PM,1:53 PM,88 °F,74 °F,63 °%,SE,5 °mph,0 °mph,29.51 °in,0.0 °in,Partly Cloudy
2022-5-11-2:53 PM,2:53 PM,89 °F,73 °F,59 °%,ESE,6 °mph,0 °mph,29.50 °in,0.0 °in,Mostly Cloudy
2022-5-11-3:53 PM,3:53 PM,88 °F,71 °F,57 °%,SE,9 °mph,0 °mph,29.48 °in,0.0 °in,Partly Cloudy
2022-5-11-4:53 PM,4:53 PM,89 °F,71 °F,55 °%,S,5 °mph,0 °mph,29.47 °in,0.0 °in,Fair
2022-5-11-5:53 PM,5:53 PM,89 °F,69 °F,52 °%,SE,5 °mph,0 °mph,29.46 °in,0.0 °in,Fair
2022-5-11-6:53 PM,6:53 PM,88 °F,71 °F,57 °%,SE,7 °mph,0 °mph,29.46 °in,0.0 °in,Fair
2022-5-11-7:53 PM,7:53 PM,85 °F,70 °F,61 °%,SE,5 °mph,0 °mph,29.46 °in,0.0 °in,Fair
2022-5-11-8:53 PM,8:53 PM,81 °F,70 °F,69 °%,ESE,3 °mph,0 °mph,29.46 °in,0.0 °in,Fair
2022-5-11-9:53 PM,9:53 PM,78 °F,69 °F,74 °%,ESE,6 °mph,0 °mph,29.48 °in,0.0 °in,Fair
2022-5-11-10:53 PM,10:53 PM,77 °F,69 °F,76 °%,SE,7 °mph,0 °mph,29.47 °in,0.0 °in,Fair
2022-5-11-11:53 PM,11:53 PM,74 °F,68 °F,82 °%,CALM,0 °mph,0 °mph,29.48 °in,0.0 °in,Fair
2022-5-12-12:53 AM,12:53 AM,72 °F,67 °F,84 °%,CALM,0 °mph,0 °mph,29.48 °in,0.0 °in,Fair
2022-5-12-1:53 AM,1:53 AM,70 °F,67 °F,90 °%,CALM,0 °mph,0 °mph,29.48 °in,0.0 °in,Fair
2022-5-12-2:53 AM,2:53 AM,70 °F,66 °F,87 °%,ENE,3 °mph,0 °mph,29.49 °in,0.0 °in,Fair
2022-5-12-3:53 AM,3:53 AM,69 °F,66 °F,90 °%,E,3 °mph,0 °mph,29.48 °in,0.0 °in,Fair
2022-5-12-4:53 AM,4:53 AM,69 °F,65 °F,87 °%,E,5 °mph,0 °mph,29.49 °in,0.0 °in,Partly Cloudy
2022-5-12-5:53 AM,5:53 AM,68 °F,63 °F,84 °%,E,5 °mph,0 °mph,29.49 °in,0.0 °in,Fair
2022-5-12-6:53 AM,6:53 AM,67 °F,61 °F,81 °%,E,6 °mph,0 °mph,29.49 °in,0.0 °in,Fair
2022-5-12-7:53 AM,7:53 AM,69 °F,60 °F,73 °%,SE,6 °mph,0 °mph,29.50 °in,0.0 °in,Fair
2022-5-12-8:53 AM,8:53 AM,73 °F,58 °F,59 °%,SSE,7 °mph,0 °mph,29.51 °in,0.0 °in,Fair
2022-5-12-9:53 AM,9:53 AM,77 °F,56 °F,48 °%,SE,10 °mph,0 °mph,29.51 °in,0.0 °in,Fair
2022-5-12-10:53 AM,10:53 AM,80 °F,55 °F,42 °%,SE,10 °mph,0 °mph,29.50 °in,0.0 °in,Fair
2022-5-12-11:53 AM,11:53 AM,82 °F,55 °F,39 °%,SE,6 °mph,0 °mph,29.51 °in,0.0 °in,Fair
2022-5-12-12:53 PM,12:53 PM,85 °F,54 °F,34 °%,SSE,9 °mph,0 °mph,29.50 °in,0.0 °in,Fair
2022-5-12-1:53 PM,1:53 PM,86 °F,53 °F,32 °%,SSE,12 °mph,0 °mph,29.47 °in,0.0 °in,Fair
2022-5-12-2:53 PM,2:53 PM,87 °F,49 °F,27 °%,ESE,8 °mph,18 °mph,29.45 °in,0.0 °in,Fair
2022-5-12-3:53 PM,3:53 PM,87 °F,51 °F,29 °%,SE,8 °mph,0 °mph,29.43 °in,0.0 °in,Fair
2022-5-12-4:53 PM,4:53 PM,86 °F,53 °F,32 °%,E,9 °mph,0 °mph,29.42 °in,0.0 °in,Fair
2022-5-12-5:53 PM,5:53 PM,86 °F,51 °F,30 °%,SE,8 °mph,0 °mph,29.40 °in,0.0 °in,Fair
2022-5-12-6:53 PM,6:53 PM,84 °F,53 °F,34 °%,ESE,7 °mph,0 °mph,29.39 °in,0.0 °in,Fair
2022-5-12-7:53 PM,7:53 PM,81 °F,54 °F,39 °%,SSE,5 °mph,0 °mph,29.37 °in,0.0 °in,Fair
2022-5-12-8:53 PM,8:53 PM,77 °F,54 °F,45 °%,SE,3 °mph,0 °mph,29.38 °in,0.0 °in,Fair
2022-5-12-9:53 PM,9:53 PM,68 °F,60 °F,76 °%,CALM,0 °mph,0 °mph,29.38 °in,0.0 °in,Fair
2022-5-12-10:53 PM,10:53 PM,65 °F,59 °F,81 °%,E,3 °mph,0 °mph,29.39 °in,0.0 °in,Fair
2022-5-12-11:53 PM,11:53 PM,64 °F,58 °F,80 °%,E,3 °mph,0 °mph,29.38 °in,0.0 °in,Fair
2022-5-13-12:53 AM,12:53 AM,65 °F,53 °F,65 °%,ESE,6 °mph,0 °mph,29.39 °in,0.0 °in,Fair
2022-5-13-1:53 AM,1:53 AM,64 °F,53 °F,67 °%,ESE,6 °mph,0 °mph,29.39 °in,0.0 °in,Fair
2022-5-13-2:53 AM,2:53 AM,65 °F,53 °F,65 °%,E,5 °mph,0 °mph,29.38 °in,0.0 °in,Fair
2022-5-13-3:53 AM,3:53 AM,60 °F,53 °F,78 °%,E,3 °mph,0 °mph,29.38 °in,0.0 °in,Fair
2022-5-13-4:53 AM,4:53 AM,58 °F,53 °F,84 °%,CALM,0 °mph,0 °mph,29.37 °in,0.0 °in,Fair
2022-5-13-5:53 AM,5:53 AM,60 °F,54 °F,80 °%,ENE,3 °mph,0 °mph,29.37 °in,0.0 °in,Fair
2022-5-13-6:53 AM,6:53 AM,59 °F,54 °F,83 °%,CALM,0 °mph,0 °mph,29.38 °in,0.0 °in,Fair
2022-5-13-7:53 AM,7:53 AM,64 °F,57 °F,78 °%,CALM,0 °mph,0 °mph,29.38 °in,0.0 °in,Fair
2022-5-13-8:53 AM,8:53 AM,71 °F,58 °F,63 °%,SSE,7 °mph,0 °mph,29.39 °in,0.0 °in,Fair
2022-5-13-9:53 AM,9:53 AM,75 °F,60 °F,60 °%,SSE,8 °mph,0 °mph,29.39 °in,0.0 °in,Fair
2022-5-13-10:53 AM,10:53 AM,78 °F,61 °F,56 °%,SE,8 °mph,0 °mph,29.37 °in,0.0 °in,Fair
2022-5-13-11:53 AM,11:53 AM,82 °F,61 °F,49 °%,SE,5 °mph,0 °mph,29.38 °in,0.0 °in,Fair
2022-5-13-12:53 PM,12:53 PM,85 °F,59 °F,41 °%,S,7 °mph,0 °mph,29.38 °in,0.0 °in,Fair
2022-5-13-1:53 PM,1:53 PM,86 °F,59 °F,40 °%,S,3 °mph,0 °mph,29.37 °in,0.0 °in,Fair
2022-5-13-2:53 PM,2:53 PM,87 °F,57 °F,36 °%,VAR,3 °mph,0 °mph,29.35 °in,0.0 °in,Fair
2022-5-13-3:53 PM,3:53 PM,87 °F,57 °F,36 °%,S,10 °mph,18 °mph,29.32 °in,0.0 °in,Fair
2022-5-13-4:53 PM,4:53 PM,87 °F,58 °F,37 °%,SE,9 °mph,0 °mph,29.30 °in,0.0 °in,Fair
2022-5-13-5:53 PM,5:53 PM,87 °F,57 °F,36 °%,CALM,0 °mph,0 °mph,29.30 °in,0.0 °in,Fair
2022-5-13-6:53 PM,6:53 PM,85 °F,57 °F,38 °%,SSE,9 °mph,0 °mph,29.28 °in,0.0 °in,Fair
2022-5-13-7:53 PM,7:53 PM,83 °F,60 °F,46 °%,SE,6 °mph,0 °mph,29.25 °in,0.0 °in,Fair
2022-5-13-8:53 PM,8:53 PM,79 °F,59 °F,50 °%,ESE,8 °mph,0 °mph,29.23 °in,0.0 °in,Fair
2022-5-13-9:53 PM,9:53 PM,75 °F,60 °F,60 °%,SE,6 °mph,0 °mph,29.26 °in,0.0 °in,Fair
2022-5-13-10:53 PM,10:53 PM,69 °F,62 °F,78 °%,CALM,0 °mph,0 °mph,29.31 °in,0.0 °in,Fair
2022-5-13-11:53 PM,11:53 PM,67 °F,61 °F,81 °%,ENE,3 °mph,0 °mph,29.33 °in,0.0 °in,Fair
2022-5-14-12:53 AM,12:53 AM,67 °F,61 °F,81 °%,E,3 °mph,0 °mph,29.32 °in,0.0 °in,Partly Cloudy
2022-5-14-1:53 AM,1:53 AM,66 °F,61 °F,84 °%,CALM,0 °mph,0 °mph,29.31 °in,0.0 °in,Fair
2022-5-14-2:53 AM,2:53 AM,65 °F,61 °F,87 °%,CALM,0 °mph,0 °mph,29.30 °in,0.0 °in,Fair
2022-5-14-3:53 AM,3:53 AM,64 °F,60 °F,87 °%,CALM,0 °mph,0 °mph,29.29 °in,0.0 °in,Fair
2022-5-14-4:53 AM,4:53 AM,65 °F,59 °F,81 °%,SE,5 °mph,0 °mph,29.29 °in,0.0 °in,Fair
2022-5-14-5:53 AM,5:53 AM,65 °F,60 °F,84 °%,SE,6 °mph,0 °mph,29.29 °in,0.0 °in,Fair
2022-5-14-6:53 AM,6:53 AM,63 °F,59 °F,87 °%,SE,5 °mph,0 °mph,29.28 °in,0.0 °in,Fair
2022-5-14-7:53 AM,7:53 AM,68 °F,62 °F,81 °%,CALM,0 °mph,0 °mph,29.29 °in,0.0 °in,Fair
2022-5-14-8:53 AM,8:53 AM,72 °F,62 °F,71 °%,CALM,0 °mph,0 °mph,29.31 °in,0.0 °in,Fair
2022-5-14-9:53 AM,9:53 AM,76 °F,64 °F,67 °%,CALM,0 °mph,0 °mph,29.31 °in,0.0 °in,Fair
2022-5-14-10:53 AM,10:53 AM,82 °F,62 °F,51 °%,VAR,3 °mph,0 °mph,29.31 °in,0.0 °in,Partly Cloudy
2022-5-14-11:53 AM,11:53 AM,83 °F,63 °F,51 °%,SSW,7 °mph,0 °mph,29.31 °in,0.0 °in,Fair
2022-5-14-12:53 PM,12:53 PM,85 °F,64 °F,49 °%,VAR,6 °mph,0 °mph,29.30 °in,0.0 °in,Fair
2022-5-14-1:53 PM,1:53 PM,85 °F,65 °F,51 °%,SW,10 °mph,0 °mph,29.28 °in,0.0 °in,Fair
2022-5-14-2:53 PM,2:53 PM,86 °F,64 °F,48 °%,W,9 °mph,0 °mph,29.26 °in,0.0 °in,Fair
2022-5-14-3:53 PM,3:53 PM,87 °F,62 °F,43 °%,WSW,15 °mph,0 °mph,29.24 °in,0.0 °in,Fair
2022-5-14-4:53 PM,4:53 PM,88 °F,63 °F,43 °%,WSW,9 °mph,0 °mph,29.23 °in,0.0 °in,Partly Cloudy
2022-5-14-5:30 PM,5:30 PM,75 °F,60 °F,60 °%,NE,21 °mph,31 °mph,29.26 °in,0.0 °in,Thunder in the Vicinity
2022-5-14-5:38 PM,5:38 PM,72 °F,60 °F,66 °%,ENE,23 °mph,37 °mph,29.27 °in,0.0 °in,Light Rain with Thunder
2022-5-14-5:53 PM,5:53 PM,68 °F,62 °F,81 °%,E,20 °mph,31 °mph,29.29 °in,0.0 °in,Light Rain with Thunder
2022-5-14-6:05 PM,6:05 PM,66 °F,62 °F,87 °%,E,18 °mph,28 °mph,29.28 °in,0.2 °in,Heavy T-Storm
2022-5-14-6:21 PM,6:21 PM,66 °F,63 °F,90 °%,E,10 °mph,23 °mph,29.29 °in,0.4 °in,Light Rain with Thunder
2022-5-14-6:34 PM,6:34 PM,66 °F,63 °F,90 °%,SE,8 °mph,18 °mph,29.28 °in,0.5 °in,Heavy T-Storm
2022-5-14-6:47 PM,6:47 PM,66 °F,63 °F,88 °%,SE,12 °mph,22 °mph,29.26 °in,0.6 °in,Light Rain with Thunder
2022-5-14-6:53 PM,6:53 PM,66 °F,63 °F,90 °%,SE,14 °mph,0 °mph,29.26 °in,0.7 °in,Light Rain with Thunder
2022-5-14-7:13 PM,7:13 PM,65 °F,63 °F,93 °%,SE,10 °mph,0 °mph,29.26 °in,0.0 °in,Light Rain
2022-5-14-7:34 PM,7:34 PM,65 °F,62 °F,90 °%,SSE,7 °mph,0 °mph,29.27 °in,0.0 °in,Thunder in the Vicinity
2022-5-14-7:49 PM,7:49 PM,64 °F,63 °F,94 °%,S,8 °mph,0 °mph,29.28 °in,0.0 °in,Fair
2022-5-14-7:53 PM,7:53 PM,65 °F,62 °F,90 °%,SE,8 °mph,0 °mph,29.28 °in,0.0 °in,Fair
2022-5-14-8:53 PM,8:53 PM,65 °F,62 °F,90 °%,ESE,5 °mph,0 °mph,29.27 °in,0.0 °in,Fair
2022-5-14-9:53 PM,9:53 PM,64 °F,61 °F,90 °%,ESE,5 °mph,0 °mph,29.29 °in,0.0 °in,Fair
2022-5-14-10:53 PM,10:53 PM,63 °F,61 °F,93 °%,CALM,0 °mph,0 °mph,29.31 °in,0.0 °in,Fair
2022-5-14-11:53 PM,11:53 PM,62 °F,61 °F,96 °%,WSW,3 °mph,0 °mph,29.32 °in,0.0 °in,Fair
2022-5-15-12:53 AM,12:53 AM,62 °F,60 °F,93 °%,CALM,0 °mph,0 °mph,29.32 °in,0.0 °in,Fog
2022-5-15-1:04 AM,1:04 AM,62 °F,61 °F,96 °%,CALM,0 °mph,0 °mph,29.32 °in,0.0 °in,Fair
2022-5-15-1:15 AM,1:15 AM,60 °F,59 °F,96 °%,CALM,0 °mph,0 °mph,29.32 °in,0.0 °in,Fog
2022-5-15-1:33 AM,1:33 AM,61 °F,61 °F,100 °%,E,5 °mph,0 °mph,29.33 °in,0.0 °in,Fair
2022-5-15-1:53 AM,1:53 AM,60 °F,59 °F,96 °%,CALM,0 °mph,0 °mph,29.33 °in,0.0 °in,Fog
2022-5-15-2:03 AM,2:03 AM,60 °F,59 °F,96 °%,CALM,0 °mph,0 °mph,29.33 °in,0.0 °in,Fair
2022-5-15-2:53 AM,2:53 AM,60 °F,58 °F,93 °%,CALM,0 °mph,0 °mph,29.31 °in,0.0 °in,Fair
2022-5-15-3:05 AM,3:05 AM,58 °F,58 °F,100 °%,CALM,0 °mph,0 °mph,29.31 °in,0.0 °in,Fog
2022-5-15-3:10 AM,3:10 AM,58 °F,58 °F,100 °%,CALM,0 °mph,0 °mph,29.30 °in,0.0 °in,Fog
2022-5-15-3:17 AM,3:17 AM,59 °F,58 °F,96 °%,CALM,0 °mph,0 °mph,29.31 °in,0.0 °in,Fog
2022-5-15-3:27 AM,3:27 AM,59 °F,58 °F,96 °%,CALM,0 °mph,0 °mph,29.30 °in,0.0 °in,Fog
2022-5-15-3:38 AM,3:38 AM,58 °F,58 °F,100 °%,CALM,0 °mph,0 °mph,29.29 °in,0.0 °in,Fog
2022-5-15-3:49 AM,3:49 AM,55 °F,55 °F,100 °%,CALM,0 °mph,0 °mph,29.29 °in,0.0 °in,Fog
2022-5-15-3:51 AM,3:51 AM,57 °F,57 °F,100 °%,CALM,0 °mph,0 °mph,29.29 °in,0.0 °in,Fog
2022-5-15-3:53 AM,3:53 AM,57 °F,57 °F,100 °%,CALM,0 °mph,0 °mph,29.29 °in,0.0 °in,Fog
2022-5-15-4:00 AM,4:00 AM,57 °F,57 °F,100 °%,CALM,0 °mph,0 °mph,29.29 °in,0.0 °in,Fog
2022-5-15-4:07 AM,4:07 AM,57 °F,57 °F,100 °%,CALM,0 °mph,0 °mph,29.29 °in,0.0 °in,Fog
2022-5-15-4:29 AM,4:29 AM,57 °F,56 °F,96 °%,CALM,0 °mph,0 °mph,29.29 °in,0.0 °in,Fog
2022-5-15-4:53 AM,4:53 AM,56 °F,56 °F,100 °%,CALM,0 °mph,0 °mph,29.30 °in,0.0 °in,Fog
2022-5-15-5:13 AM,5:13 AM,56 °F,55 °F,97 °%,CALM,0 °mph,0 °mph,29.31 °in,0.0 °in,Fog
2022-5-15-5:26 AM,5:26 AM,56 °F,56 °F,100 °%,CALM,0 °mph,0 °mph,29.31 °in,0.0 °in,Fog
2022-5-15-5:34 AM,5:34 AM,56 °F,55 °F,97 °%,CALM,0 °mph,0 °mph,29.31 °in,0.0 °in,Fog
2022-5-15-5:51 AM,5:51 AM,55 °F,55 °F,100 °%,CALM,0 °mph,0 °mph,29.31 °in,0.0 °in,Fog
2022-5-15-5:53 AM,5:53 AM,55 °F,55 °F,100 °%,E,3 °mph,0 °mph,29.31 °in,0.0 °in,Fog
2022-5-15-5:58 AM,5:58 AM,55 °F,54 °F,96 °%,CALM,0 °mph,0 °mph,29.31 °in,0.0 °in,Fog
2022-5-15-6:07 AM,6:07 AM,56 °F,55 °F,97 °%,CALM,0 °mph,0 °mph,29.31 °in,0.0 °in,Fog
2022-5-15-6:15 AM,6:15 AM,56 °F,55 °F,97 °%,CALM,0 °mph,0 °mph,29.31 °in,0.0 °in,Fog
2022-5-15-6:53 AM,6:53 AM,55 °F,55 °F,100 °%,CALM,0 °mph,0 °mph,29.31 °in,0.0 °in,Fog
2022-5-15-6:58 AM,6:58 AM,55 °F,55 °F,100 °%,CALM,0 °mph,0 °mph,29.30 °in,0.0 °in,Fog
2022-5-15-7:05 AM,7:05 AM,55 °F,55 °F,100 °%,CALM,0 °mph,0 °mph,29.31 °in,0.0 °in,Fog
2022-5-15-7:12 AM,7:12 AM,56 °F,55 °F,97 °%,CALM,0 °mph,0 °mph,29.31 °in,0.0 °in,Fog
2022-5-15-7:28 AM,7:28 AM,57 °F,56 °F,96 °%,CALM,0 °mph,0 °mph,29.31 °in,0.0 °in,Fog
2022-5-15-7:30 AM,7:30 AM,57 °F,56 °F,96 °%,CALM,0 °mph,0 °mph,29.31 °in,0.0 °in,Fair
2022-5-15-7:53 AM,7:53 AM,59 °F,59 °F,100 °%,CALM,0 °mph,0 °mph,29.32 °in,0.0 °in,Fair
2022-5-15-8:53 AM,8:53 AM,64 °F,63 °F,96 °%,S,5 °mph,0 °mph,29.34 °in,0.0 °in,Fair
2022-5-15-9:53 AM,9:53 AM,70 °F,64 °F,81 °%,VAR,5 °mph,0 °mph,29.34 °in,0.0 °in,Fair
2022-5-15-10:53 AM,10:53 AM,74 °F,65 °F,73 °%,VAR,3 °mph,0 °mph,29.33 °in,0.0 °in,Fair
2022-5-15-11:53 AM,11:53 AM,77 °F,65 °F,66 °%,CALM,0 °mph,0 °mph,29.32 °in,0.0 °in,Fair
2022-5-15-12:53 PM,12:53 PM,80 °F,64 °F,58 °%,CALM,0 °mph,0 °mph,29.31 °in,0.0 °in,Fair
2022-5-15-1:53 PM,1:53 PM,83 °F,63 °F,51 °%,S,6 °mph,0 °mph,29.26 °in,0.0 °in,Fair
2022-5-15-2:53 PM,2:53 PM,85 °F,61 °F,44 °%,SSW,7 °mph,0 °mph,29.25 °in,0.0 °in,Fair
2022-5-15-3:53 PM,3:53 PM,85 °F,60 °F,43 °%,SSW,9 °mph,0 °mph,29.24 °in,0.0 °in,Fair
2022-5-15-4:53 PM,4:53 PM,85 °F,57 °F,38 °%,S,9 °mph,0 °mph,29.20 °in,0.0 °in,Fair
2022-5-15-5:53 PM,5:53 PM,76 °F,54 °F,46 °%,NNW,21 °mph,32 °mph,29.21 °in,0.0 °in,Thunder in the Vicinity
2022-5-15-6:06 PM,6:06 PM,74 °F,54 °F,50 °%,NNW,14 °mph,23 °mph,29.23 °in,0.0 °in,Thunder in the Vicinity
2022-5-15-6:17 PM,6:17 PM,72 °F,57 °F,59 °%,NW,12 °mph,0 °mph,29.23 °in,0.0 °in,Light Rain with Thunder
2022-5-15-6:31 PM,6:31 PM,66 °F,60 °F,81 °%,N,7 °mph,21 °mph,29.24 °in,0.1 °in,Heavy T-Storm
2022-5-15-6:39 PM,6:39 PM,65 °F,61 °F,87 °%,NE,7 °mph,0 °mph,29.24 °in,0.1 °in,T-Storm
2022-5-15-6:53 PM,6:53 PM,65 °F,61 °F,87 °%,NNE,12 °mph,0 °mph,29.23 °in,0.2 °in,T-Storm
2022-5-15-7:14 PM,7:14 PM,66 °F,61 °F,84 °%,NE,5 °mph,0 °mph,29.20 °in,0.0 °in,Light Rain
2022-5-15-7:53 PM,7:53 PM,67 °F,63 °F,87 °%,SSE,5 °mph,0 °mph,29.21 °in,0.0 °in,Light Rain
2022-5-15-8:53 PM,8:53 PM,66 °F,63 °F,90 °%,SSE,9 °mph,0 °mph,29.22 °in,0.0 °in,Light Rain
2022-5-15-9:39 PM,9:39 PM,65 °F,63 °F,93 °%,WNW,15 °mph,20 °mph,29.24 °in,0.1 °in,T-Storm
2022-5-15-9:50 PM,9:50 PM,63 °F,61 °F,94 °%,WNW,25 °mph,33 °mph,29.26 °in,0.2 °in,Heavy Rain / Windy
2022-5-15-9:53 PM,9:53 PM,62 °F,60 °F,93 °%,WNW,21 °mph,33 °mph,29.27 °in,0.2 °in,Heavy Rain / Windy
2022-5-15-10:19 PM,10:19 PM,60 °F,57 °F,90 °%,NNW,17 °mph,33 °mph,29.30 °in,0.3 °in,Rain
2022-5-15-10:30 PM,10:30 PM,59 °F,57 °F,93 °%,N,17 °mph,29 °mph,29.28 °in,0.3 °in,Light Rain
2022-5-15-10:37 PM,10:37 PM,59 °F,56 °F,90 °%,N,17 °mph,30 °mph,29.28 °in,0.3 °in,Light Rain
2022-5-15-10:53 PM,10:53 PM,59 °F,56 °F,90 °%,N,16 °mph,29 °mph,29.27 °in,0.3 °in,Light Rain
2022-5-15-11:53 PM,11:53 PM,58 °F,56 °F,93 °%,N,12 °mph,0 °mph,29.28 °in,0.1 °in,Cloudy
2022-5-16-12:03 AM,12:03 AM,58 °F,56 °F,93 °%,N,14 °mph,0 °mph,29.28 °in,0.0 °in,Light Rain
2022-5-16-12:53 AM,12:53 AM,58 °F,56 °F,93 °%,NNE,7 °mph,0 °mph,29.25 °in,0.0 °in,Light Rain
2022-5-16-1:53 AM,1:53 AM,58 °F,56 °F,93 °%,CALM,0 °mph,0 °mph,29.24 °in,0.0 °in,Cloudy
2022-5-16-2:35 AM,2:35 AM,57 °F,56 °F,96 °%,WNW,7 °mph,0 °mph,29.25 °in,0.0 °in,Mostly Cloudy
2022-5-16-2:53 AM,2:53 AM,57 °F,55 °F,93 °%,WNW,7 °mph,0 °mph,29.26 °in,0.0 °in,Mostly Cloudy
2022-5-16-3:31 AM,3:31 AM,56 °F,54 °F,93 °%,NW,6 °mph,0 °mph,29.26 °in,0.0 °in,Partly Cloudy
2022-5-16-3:53 AM,3:53 AM,55 °F,54 °F,96 °%,CALM,0 °mph,0 °mph,29.26 °in,0.0 °in,Fair
2022-5-16-4:53 AM,4:53 AM,54 °F,52 °F,93 °%,WNW,3 °mph,0 °mph,29.27 °in,0.0 °in,Fair
2022-5-16-5:53 AM,5:53 AM,54 °F,52 °F,93 °%,CALM,0 °mph,0 °mph,29.27 °in,0.0 °in,Fair
2022-5-16-6:53 AM,6:53 AM,53 °F,51 °F,93 °%,CALM,0 °mph,0 °mph,29.28 °in,0.0 °in,Fair
2022-5-16-7:53 AM,7:53 AM,56 °F,53 °F,90 °%,WNW,3 °mph,0 °mph,29.29 °in,0.0 °in,Fair
2022-5-16-8:53 AM,8:53 AM,59 °F,54 °F,83 °%,W,7 °mph,0 °mph,29.31 °in,0.0 °in,Fair
2022-5-16-9:53 AM,9:53 AM,63 °F,55 °F,75 °%,W,7 °mph,0 °mph,29.31 °in,0.0 °in,Fair
2022-5-16-10:53 AM,10:53 AM,67 °F,56 °F,68 °%,WSW,9 °mph,0 °mph,29.32 °in,0.0 °in,Fair
2022-5-16-11:53 AM,11:53 AM,71 °F,55 °F,57 °%,WNW,8 °mph,0 °mph,29.32 °in,0.0 °in,Fair
2022-5-16-12:53 PM,12:53 PM,75 °F,55 °F,50 °%,,0 °mph,0 °mph,29.32 °in,0.0 °in,Fair
2022-5-16-1:53 PM,1:53 PM,77 °F,50 °F,39 °%,NW,12 °mph,21 °mph,29.29 °in,0.0 °in,Fair
2022-5-16-2:53 PM,2:53 PM,75 °F,46 °F,36 °%,NW,13 °mph,24 °mph,29.29 °in,0.0 °in,Partly Cloudy
2022-5-16-3:53 PM,3:53 PM,78 °F,47 °F,33 °%,NW,14 °mph,21 °mph,29.28 °in,0.0 °in,Fair
2022-5-16-4:53 PM,4:53 PM,77 °F,45 °F,32 °%,NNW,13 °mph,24 °mph,29.27 °in,0.0 °in,Fair
2022-5-16-5:53 PM,5:53 PM,78 °F,43 °F,29 °%,WNW,12 °mph,21 °mph,29.26 °in,0.0 °in,Fair
2022-5-16-6:53 PM,6:53 PM,77 °F,43 °F,30 °%,WNW,12 °mph,17 °mph,29.26 °in,0.0 °in,Fair
2022-5-16-7:53 PM,7:53 PM,76 °F,44 °F,32 °%,NW,8 °mph,0 °mph,29.26 °in,0.0 °in,Fair
2022-5-16-8:53 PM,8:53 PM,70 °F,47 °F,44 °%,WNW,3 °mph,0 °mph,29.27 °in,0.0 °in,Fair
2022-5-16-9:53 PM,9:53 PM,66 °F,48 °F,52 °%,SW,3 °mph,0 °mph,29.29 °in,0.0 °in,Fair
2022-5-16-10:53 PM,10:53 PM,65 °F,48 °F,54 °%,SW,3 °mph,0 °mph,29.30 °in,0.0 °in,Fair
2022-5-16-11:53 PM,11:53 PM,63 °F,49 °F,60 °%,WSW,5 °mph,0 °mph,29.30 °in,0.0 °in,Fair
